vdjbase_allele,ttype,support,seq,seq_gapped
TRGJ1*01,J,36,GAATTATTATAAGAAACTCTTTGGCAGTGGAACAACACTGGTTGTCACAG,
TRGJ1*02,J,40,GAATTATTATAAGAAACTCTTTGGCAGTGGAACAACACTTGTTGTCACAG,
TRGJ2*01,J,48,GAATTATTATAAGAAACTCTTTGGCAGTGGAACAACACTTGTTGTCACAG,
TRGJ2*01_g1-_2----------------------------------35,J,1,CACTTGTTGTCACAG,
TRGJ2*01_g1-_2-----6,J,1,TTATAAGAAACTCTTTGGCAGTGGAACAACACTTGTTGTCACAG,
TRGJP*01,J,46,TGGGCAAGAGTTGGGCAAAAAAATCAAGGTATTTGGTCCCGGAACAAAGCTTATCATTACAG,
TRGJP*01_c55a,J,1,TGGGCAAGAGTTGGGCAAAAAAATCAAGGTATTTGGTCCCGGAACAAAGCTTATAATTACAG,
TRGJP1*01,J,46,ATACCACTGGTTGGTTCAAGATATTTGCTGAAGGGACTAAGCTCATAGTAACTTCACCTG,
TRGJP2*01,J,47,ATAGTAGTGATTGGATCAAGACGTTTGCAAAAGGGACTAGGCTCATAGTAACTTCGCCTG,
TRGJP2*01_a15t,J,1,ATAGTAGTGATTGGTTCAAGACGTTTGCAAAAGGGACTAGGCTCATAGTAACTTCGCCTG,
TRGJP2*01_g40a,J,13,ATAGTAGTGATTGGATCAAGACGTTTGCAAAAGGGACTAAGCTCATAGTAACTTCGCCTG,
TRGV1*01,V,45,TCTTCCAACTTGGAAGGGAGAACGAAGTCAGTCACCAGGCTGACTGGGTCATCTGCTGAAATCACCTGTGATCTTCCTGGAGCAAGTACCTTATACATCCACTGGTACCTGCACCAGGAGGGGAAGGCCCCACAGTGTCTTCTGTACTATGAACCCTACTACTCCAGGGTTGTGCTGGAATCAGGAATCACTCCAGGAAAGTATGACACTGGAAGCACAAGGAGCAATTGGAATTTGAGACTGCAAAATCTAATTAAAAATGATTCTGGGTTCTATTACTGTGCCACCTGGGACAGG,TCTTCCAACTTGGAAGGGAGAACGAAGTCAGTCACCAGGCTGACTGGGTCATCTGCTGAAATCACCTGTGATCTTCCTGGAGCAAGT..................ACCTTATACATCCACTGGTACCTGCACCAGGAGGGGAAGGCCCCACAGTGTCTTCTGTACTATGAACCCTAC......TACTCCAGGGTTGTGCTGGAATCAGGAATCACTCCAGGAAAGTATGACACT...GGAAGC...ACAAGGAGCAATTGGAATTTGAGACTGCAAAATCTAATTAAAAATGATTCTGGGTTCTATTACTGTGCCACCTGGGACAGG
TRGV1*01_a224c,V,2,TCTTCCAACTTGGAAGGGAGAACGAAGTCAGTCACCAGGCTGACTGGGTCATCTGCTGAAATCACCTGTGATCTTCCTGGAGCAAGTACCTTATACATCCACTGGTACCTGCACCAGGAGGGGAAGGCCCCACAGTGTCTTCTGTACTATGAACCCTACTACTCCAGGGTTGTGCTGGAATCAGGAATCACTCCAGGAACGTATGACACTGGAAGCACAAGGAGCAATTGGAATTTGAGACTGCAAAATCTAATTAAAAATGATTCTGGGTTCTATTACTGTGCCACCTGGGACAGG,TCTTCCAACTTGGAAGGGAGAACGAAGTCAGTCACCAGGCTGACTGGGTCATCTGCTGAAATCACCTGTGATCTTCCTGGAGCAAGT..................ACCTTATACATCCACTGGTACCTGCACCAGGAGGGGAAGGCCCCACAGTGTCTTCTGTACTATGAACCCTAC......TACTCCAGGGTTGTGCTGGAATCAGGAATCACTCCAGGAACGTATGACACT...GGAAGC...ACAAGGAGCAATTGGAATTTGAGACTGCAAAATCTAATTAAAAATGATTCTGGGTTCTATTACTGTGCCACCTGGGACAGG
TRGV1*01_g209t,V,1,TCTTCCAACTTGGAAGGGAGAACGAAGTCAGTCACCAGGCTGACTGGGTCATCTGCTGAAATCACCTGTGATCTTCCTGGAGCAAGTACCTTATACATCCACTGGTACCTGCACCAGGAGGGGAAGGCCCCACAGTGTCTTCTGTACTATGAACCCTACTACTCCAGGGTTGTGCTGGAATCAGTAATCACTCCAGGAAAGTATGACACTGGAAGCACAAGGAGCAATTGGAATTTGAGACTGCAAAATCTAATTAAAAATGATTCTGGGTTCTATTACTGTGCCACCTGGGACAGG,TCTTCCAACTTGGAAGGGAGAACGAAGTCAGTCACCAGGCTGACTGGGTCATCTGCTGAAATCACCTGTGATCTTCCTGGAGCAAGT..................ACCTTATACATCCACTGGTACCTGCACCAGGAGGGGAAGGCCCCACAGTGTCTTCTGTACTATGAACCCTAC......TACTCCAGGGTTGTGCTGGAATCAGTAATCACTCCAGGAAAGTATGACACT...GGAAGC...ACAAGGAGCAATTGGAATTTGAGACTGCAAAATCTAATTAAAAATGATTCTGGGTTCTATTACTGTGCCACCTGGGACAGG
TRGV1*01_g46a,V,2,TCTTCCAACTTGGAAGGGAGAACGAAGTCAGTCACCAGGCTGACTAGGTCATCTGCTGAAATCACCTGTGATCTTCCTGGAGCAAGTACCTTATACATCCACTGGTACCTGCACCAGGAGGGGAAGGCCCCACAGTGTCTTCTGTACTATGAACCCTACTACTCCAGGGTTGTGCTGGAATCAGGAATCACTCCAGGAAAGTATGACACTGGAAGCACAAGGAGCAATTGGAATTTGAGACTGCAAAATCTAATTAAAAATGATTCTGGGTTCTATTACTGTGCCACCTGGGACAGG,TCTTCCAACTTGGAAGGGAGAACGAAGTCAGTCACCAGGCTGACTAGGTCATCTGCTGAAATCACCTGTGATCTTCCTGGAGCAAGT..................ACCTTATACATCCACTGGTACCTGCACCAGGAGGGGAAGGCCCCACAGTGTCTTCTGTACTATGAACCCTAC......TACTCCAGGGTTGTGCTGGAATCAGGAATCACTCCAGGAAAGTATGACACT...GGAAGC...ACAAGGAGCAATTGGAATTTGAGACTGCAAAATCTAATTAAAAATGATTCTGGGTTCTATTACTGTGCCACCTGGGACAGG
TRGV10*01_317-------------329,V,1,TTATCAAAAGTGGAGCAGTTCCAGCTATCCATTTCCACGGAAGTCAAGAAAAGTATTGACATACCTTGCAAGATATCGAGCACAAGGTTTGAAACAGATGTCATTCACTGGTACCGGCAGAAACCAAATCAGGCTTTGGAGCACCTGATCTATATTGTCTCAACAAAATCCGCAGCTCGACGCAGCATGGGTAAGACAAGCAACAAAGTGGAGGCAAGAAAGAATTCTCAAACTCTCACTTCAATCCTTACCATCAAGTCCGTAGAGAAAGAAGACATGGCCGTTTACTACTGTGCTG,TTATCAAAAGTGGAGCAGTTCCAGCTATCCATTTCCACGGAAGTCAAGAAAAGTATTGACATACCTTGCAAGATATCGAGCACAAGGTTT............GAAACAGATGTCATTCACTGGTACCGGCAGAAACCAAATCAGGCTTTGGAGCACCTGATCTATATTGTCTCAACA......AAATCCGCAGCTCGACGCAGCATGGGTAAGACAAGCAACAAAGTGGAGGCAAGAAAGAATTCTCAAACTCTCACTTCAATCCTTACCATCAAGTCCGTAGAGAAAGAAGACATGGCCGTTTACTACTGTGCTG
TRGV10*01_322--------329,V,1,TTATCAAAAGTGGAGCAGTTCCAGCTATCCATTTCCACGGAAGTCAAGAAAAGTATTGACATACCTTGCAAGATATCGAGCACAAGGTTTGAAACAGATGTCATTCACTGGTACCGGCAGAAACCAAATCAGGCTTTGGAGCACCTGATCTATATTGTCTCAACAAAATCCGCAGCTCGACGCAGCATGGGTAAGACAAGCAACAAAGTGGAGGCAAGAAAGAATTCTCAAACTCTCACTTCAATCCTTACCATCAAGTCCGTAGAGAAAGAAGACATGGCCGTTTACTACTGTGCTGCGTGG,TTATCAAAAGTGGAGCAGTTCCAGCTATCCATTTCCACGGAAGTCAAGAAAAGTATTGACATACCTTGCAAGATATCGAGCACAAGGTTT............GAAACAGATGTCATTCACTGGTACCGGCAGAAACCAAATCAGGCTTTGGAGCACCTGATCTATATTGTCTCAACA......AAATCCGCAGCTCGACGCAGCATGGGTAAGACAAGCAACAAAGTGGAGGCAAGAAAGAATTCTCAAACTCTCACTTCAATCCTTACCATCAAGTCCGTAGAGAAAGAAGACATGGCCGTTTACTACTGTGCTGCGTGG
TRGV10*02,V,36,TTATCAAAAGTGGAGCAGTTCCAGCTATCCATTTCCACGGAAGTCAAGAAAAGTATTGACATACCTTGCAAGATATCGAGCACAAGGTTTGAAACAGATGTCATTCACTGGTACCGGCAGAAACCAAATCAGGCTTTGGAGCACCTGATCTATATTGTCTCAACAAAATCCGCAGCTCGACGCAGCATGGGTAAGACAAGCAACAAAGTGGAGGCAAGAAAGAATTCTCAAACTCTCACTTCAATCCTTACCATCAAGTCCGTAGAGAAAGAAGACATGGCCGTTTACTACTGTGCTGCGTGGGATTAC,TTATCAAAAGTGGAGCAGTTCCAGCTATCCATTTCCACGGAAGTCAAGAAAAGTATTGACATACCTTGCAAGATATCGAGCACAAGGTTT............GAAACAGATGTCATTCACTGGTACCGGCAGAAACCAAATCAGGCTTTGGAGCACCTGATCTATATTGTCTCAACA......AAATCCGCAGCTCGACGCAGCATGGGTAAGACAAGCAACAAAGTGGAGGCAAGAAAGAATTCTCAAACTCTCACTTCAATCCTTACCATCAAGTCCGTAGAGAAAGAAGACATGGCCGTTTACTACTGTGCTGCGTGGGATTAC
TRGV10*02_g128a,V,9,TTATCAAAAGTGGAGCAGTTCCAGCTATCCATTTCCACGGAAGTCAAGAAAAGTATTGACATACCTTGCAAGATATCGAGCACAAGGTTTGAAACAGATGTCATTCACTGGTACCAGCAGAAACCAAATCAGGCTTTGGAGCACCTGATCTATATTGTCTCAACAAAATCCGCAGCTCGACGCAGCATGGGTAAGACAAGCAACAAAGTGGAGGCAAGAAAGAATTCTCAAACTCTCACTTCAATCCTTACCATCAAGTCCGTAGAGAAAGAAGACATGGCCGTTTACTACTGTGCTGCGTGGGATTAC,TTATCAAAAGTGGAGCAGTTCCAGCTATCCATTTCCACGGAAGTCAAGAAAAGTATTGACATACCTTGCAAGATATCGAGCACAAGGTTT............GAAACAGATGTCATTCACTGGTACCAGCAGAAACCAAATCAGGCTTTGGAGCACCTGATCTATATTGTCTCAACA......AAATCCGCAGCTCGACGCAGCATGGGTAAGACAAGCAACAAAGTGGAGGCAAGAAAGAATTCTCAAACTCTCACTTCAATCCTTACCATCAAGTCCGTAGAGAAAGAAGACATGGCCGTTTACTACTGTGCTGCGTGGGATTAC
TRGV11*01,V,41,CTTGGGCAGTTGGAACAACCTGAAATATCTATTTCCAGACCAGCAAATAAGAGTGCCCACATATCTTGGAAGGCATCCATCCAAGGCTTTAGCAGTAAAATCATACACTGGTACTGGCAGAAACCAAACAAAGGCTTAGAATATTTATTACATGTCTTCTTGACAATCTCTGCTCAAGATTGCTCAGGTGGGAAGACTAAGAAACTTGAGGTAAGTAAAAATGCTCACACTTCCACTTCCACTTTGAAAATAAAGTTCTTAGAGAAAGAAGATGAGGTGGTGTACCACTGTGCCTGCTGGATTAGGCAC,CTTGGGCAGTTGGAACAACCTGAAATATCTATTTCCAGACCAGCAAATAAGAGTGCCCACATATCTTGGAAGGCATCCATCCAAGGCTTT............AGCAGTAAAATCATACACTGGTACTGGCAGAAACCAAACAAAGGCTTAGAATATTTATTACATGTCTTCTTGACA.........ATCTCTGCTCAAGATTGCTCAGGTGGGAAGACTAAGAAACTTGAGGTAAGTAAAAATGCTCACACTTCCACTTCCACTTTGAAAATAAAGTTCTTAGAGAAAGAAGATGAGGTGGTGTACCACTGTGCCTGCTGGATTAGGCAC
TRGV11*01_g122a,V,11,CTTGGGCAGTTGGAACAACCTGAAATATCTATTTCCAGACCAGCAAATAAGAGTGCCCACATATCTTGGAAGGCATCCATCCAAGGCTTTAGCAGTAAAATCATACACTAGTACTGGCAGAAACCAAACAAAGGCTTAGAATATTTATTACATGTCTTCTTGACAATCTCTGCTCAAGATTGCTCAGGTGGGAAGACTAAGAAACTTGAGGTAAGTAAAAATGCTCACACTTCCACTTCCACTTTGAAAATAAAGTTCTTAGAGAAAGAAGATGAGGTGGTGTACCACTGTGCCTGCTGGATTAGGCAC,CTTGGGCAGTTGGAACAACCTGAAATATCTATTTCCAGACCAGCAAATAAGAGTGCCCACATATCTTGGAAGGCATCCATCCAAGGCTTT............AGCAGTAAAATCATACACTAGTACTGGCAGAAACCAAACAAAGGCTTAGAATATTTATTACATGTCTTCTTGACA.........ATCTCTGCTCAAGATTGCTCAGGTGGGAAGACTAAGAAACTTGAGGTAAGTAAAAATGCTCACACTTCCACTTCCACTTTGAAAATAAAGTTCTTAGAGAAAGAAGATGAGGTGGTGTACCACTGTGCCTGCTGGATTAGGCAC
TRGV11*01_g22a_g276t,V,3,CTTGGGCAGTTGGAACAACCTAAAATATCTATTTCCAGACCAGCAAATAAGAGTGCCCACATATCTTGGAAGGCATCCATCCAAGGCTTTAGCAGTAAAATCATACACTGGTACTGGCAGAAACCAAACAAAGGCTTAGAATATTTATTACATGTCTTCTTGACAATCTCTGCTCAAGATTGCTCAGGTGGGAAGACTAAGAAACTTGAGGTAAGTAAAAATGCTCACACTTCCACTTCCACTTTGAAAATAAATTTCTTAGAGAAAGAAGATGAGGTGGTGTACCACTGTGCCTGCTGGATTAGGCAC,CTTGGGCAGTTGGAACAACCTAAAATATCTATTTCCAGACCAGCAAATAAGAGTGCCCACATATCTTGGAAGGCATCCATCCAAGGCTTT............AGCAGTAAAATCATACACTGGTACTGGCAGAAACCAAACAAAGGCTTAGAATATTTATTACATGTCTTCTTGACA.........ATCTCTGCTCAAGATTGCTCAGGTGGGAAGACTAAGAAACTTGAGGTAAGTAAAAATGCTCACACTTCCACTTCCACTTTGAAAATAAATTTCTTAGAGAAAGAAGATGAGGTGGTGTACCACTGTGCCTGCTGGATTAGGCAC
TRGV2*01,V,34,TCTTCCAACTTGGAAGGGAGAACGAAGTCAGTCATCAGGCAGACTGGGTCATCTGCTGAAATCACTTGTGATCTTGCTGAAGGAAGTAACGGCTACATCCACTGGTACCTACACCAGGAGGGGAAGGCCCCACAGCGTCTTCAGTACTATGACTCCTACAACTCCAAGGTTGTGTTGGAATCAGGAGTCAGTCCAGGGAAGTATTATACTTACGCAAGCACAAGGAACAACTTGAGATTGATACTGCGAAATCTAATTGAAAATGACTCTGGGGTCTATTACTGTGCCACCTGGGACGGG,TCTTCCAACTTGGAAGGGAGAACGAAGTCAGTCATCAGGCAGACTGGGTCATCTGCTGAAATCACTTGTGATCTTGCTGAAGGAAGT..................AACGGCTACATCCACTGGTACCTACACCAGGAGGGGAAGGCCCCACAGCGTCTTCAGTACTATGACTCCTAC......AACTCCAAGGTTGTGTTGGAATCAGGAGTCAGTCCAGGGAAGTATTATACTTACGCAAGC...ACAAGGAACAACTTGAGATTGATACTGCGAAATCTAATTGAAAATGACTCTGGGGTCTATTACTGTGCCACCTGGGACGGG
TRGV2*01_c73t_g275a,V,3,TCTTCCAACTTGGAAGGGAGAACGAAGTCAGTCATCAGGCAGACTGGGTCATCTGCTGAAATCACTTGTGATTTTGCTGAAGGAAGTAACGGCTACATCCACTGGTACCTACACCAGGAGGGGAAGGCCCCACAGCGTCTTCAGTACTATGACTCCTACAACTCCAAGGTTGTGTTGGAATCAGGAGTCAGTCCAGGGAAGTATTATACTTACGCAAGCACAAGGAACAACTTGAGATTGATACTGCAAAATCTAATTGAAAATGACTCTGGGGTCTATTACTGTGCCACCTGGGACGGG,TCTTCCAACTTGGAAGGGAGAACGAAGTCAGTCATCAGGCAGACTGGGTCATCTGCTGAAATCACTTGTGATTTTGCTGAAGGAAGT..................AACGGCTACATCCACTGGTACCTACACCAGGAGGGGAAGGCCCCACAGCGTCTTCAGTACTATGACTCCTAC......AACTCCAAGGTTGTGTTGGAATCAGGAGTCAGTCCAGGGAAGTATTATACTTACGCAAGC...ACAAGGAACAACTTGAGATTGATACTGCAAAATCTAATTGAAAATGACTCTGGGGTCTATTACTGTGCCACCTGGGACGGG
TRGV2*01_g275a,V,16,TCTTCCAACTTGGAAGGGAGAACGAAGTCAGTCATCAGGCAGACTGGGTCATCTGCTGAAATCACTTGTGATCTTGCTGAAGGAAGTAACGGCTACATCCACTGGTACCTACACCAGGAGGGGAAGGCCCCACAGCGTCTTCAGTACTATGACTCCTACAACTCCAAGGTTGTGTTGGAATCAGGAGTCAGTCCAGGGAAGTATTATACTTACGCAAGCACAAGGAACAACTTGAGATTGATACTGCAAAATCTAATTGAAAATGACTCTGGGGTCTATTACTGTGCCACCTGGGACGGG,TCTTCCAACTTGGAAGGGAGAACGAAGTCAGTCATCAGGCAGACTGGGTCATCTGCTGAAATCACTTGTGATCTTGCTGAAGGAAGT..................AACGGCTACATCCACTGGTACCTACACCAGGAGGGGAAGGCCCCACAGCGTCTTCAGTACTATGACTCCTAC......AACTCCAAGGTTGTGTTGGAATCAGGAGTCAGTCCAGGGAAGTATTATACTTACGCAAGC...ACAAGGAACAACTTGAGATTGATACTGCAAAATCTAATTGAAAATGACTCTGGGGTCTATTACTGTGCCACCTGGGACGGG
TRGV2*03,V,17,TCTTCCAACTTGGAAGGGAGAACGAAGTCAGTCATCAGGCAGACTGGGTCATCTGCTGAAATCACTTGTGATCTTGCTGAAGGAAGTAACGGCTACATCCACTGGTACCTACACCAGGAGGGGAAGGCCCCACAGCGTCTTCAGTACTATGACTCCTACAACTCCAAGGTTGTGTTGGAATCAGGAGTCAGTCCAGGGAAGTATTATACTTACGCAAGCACAAGGAACAACTTGAGATTGATACTGCGAAATCTAATTGAAAATGACTTTGGGGTCTATTACTGTGCCACCTGGGACGGG,TCTTCCAACTTGGAAGGGAGAACGAAGTCAGTCATCAGGCAGACTGGGTCATCTGCTGAAATCACTTGTGATCTTGCTGAAGGAAGT..................AACGGCTACATCCACTGGTACCTACACCAGGAGGGGAAGGCCCCACAGCGTCTTCAGTACTATGACTCCTAC......AACTCCAAGGTTGTGTTGGAATCAGGAGTCAGTCCAGGGAAGTATTATACTTACGCAAGC...ACAAGGAACAACTTGAGATTGATACTGCGAAATCTAATTGAAAATGACTTTGGGGTCTATTACTGTGCCACCTGGGACGGG
TRGV3*01,V,42,TCTTCCAACTTGGAAGGGAGAACGAAGTCAGTCACCAGGCAGACTGGGTCATCTGCTGAAATCACTTGCGATCTTACTGTAACAAATACCTTCTACATCCACTGGTACCTACACCAGGAGGGGAAGGCCCCACAGCGTCTTCTGTACTATGACGTCTCCACCGCAAGGGATGTGTTGGAATCAGGACTCAGTCCAGGAAAGTATTATACTCATACACCCAGGAGGTGGAGCTGGATATTGAGACTGCAAAATCTAATTGAAAATGATTCTGGGGTCTATTACTGTGCCACCTGGGACAGG,TCTTCCAACTTGGAAGGGAGAACGAAGTCAGTCACCAGGCAGACTGGGTCATCTGCTGAAATCACTTGCGATCTTACTGTAACAAAT..................ACCTTCTACATCCACTGGTACCTACACCAGGAGGGGAAGGCCCCACAGCGTCTTCTGTACTATGACGTCTCC......ACCGCAAGGGATGTGTTGGAATCAGGACTCAGTCCAGGAAAGTATTATACTCATACACCC...AGGAGGTGGAGCTGGATATTGAGACTGCAAAATCTAATTGAAAATGATTCTGGGGTCTATTACTGTGCCACCTGGGACAGG
TRGV3*01_a189c,V,1,TCTTCCAACTTGGAAGGGAGAACGAAGTCAGTCACCAGGCAGACTGGGTCATCTGCTGAAATCACTTGCGATCTTACTGTAACAAATACCTTCTACATCCACTGGTACCTACACCAGGAGGGGAAGGCCCCACAGCGTCTTCTGTACTATGACGTCTCCACCGCCAGGGATGTGTTGGAATCAGGACTCAGTCCAGGAAAGTATTATACTCATACACCCAGGAGGTGGAGCTGGATATTGAGACTGCAAAATCTAATTGAAAATGATTCTGGGGTCTATTACTGTGCCACCTGGGACAGG,TCTTCCAACTTGGAAGGGAGAACGAAGTCAGTCACCAGGCAGACTGGGTCATCTGCTGAAATCACTTGCGATCTTACTGTAACAAAT..................ACCTTCTACATCCACTGGTACCTACACCAGGAGGGGAAGGCCCCACAGCGTCTTCTGTACTATGACGTCTCC......ACCGCCAGGGATGTGTTGGAATCAGGACTCAGTCCAGGAAAGTATTATACTCATACACCC...AGGAGGTGGAGCTGGATATTGAGACTGCAAAATCTAATTGAAAATGATTCTGGGGTCTATTACTGTGCCACCTGGGACAGG
TRGV3*01_a305c,V,3,TCTTCCAACTTGGAAGGGAGAACGAAGTCAGTCACCAGGCAGACTGGGTCATCTGCTGAAATCACTTGCGATCTTACTGTAACAAATACCTTCTACATCCACTGGTACCTACACCAGGAGGGGAAGGCCCCACAGCGTCTTCTGTACTATGACGTCTCCACCGCAAGGGATGTGTTGGAATCAGGACTCAGTCCAGGAAAGTATTATACTCATACACCCAGGAGGTGGAGCTGGATATTGAGACTGCAAAATCTAATTGAAAATGATTCTGGGGTCTCTTACTGTGCCACCTGGGACAGG,TCTTCCAACTTGGAAGGGAGAACGAAGTCAGTCACCAGGCAGACTGGGTCATCTGCTGAAATCACTTGCGATCTTACTGTAACAAAT..................ACCTTCTACATCCACTGGTACCTACACCAGGAGGGGAAGGCCCCACAGCGTCTTCTGTACTATGACGTCTCC......ACCGCAAGGGATGTGTTGGAATCAGGACTCAGTCCAGGAAAGTATTATACTCATACACCC...AGGAGGTGGAGCTGGATATTGAGACTGCAAAATCTAATTGAAAATGATTCTGGGGTCTCTTACTGTGCCACCTGGGACAGG
TRGV3*01_a41c,V,1,TCTTCCAACTTGGAAGGGAGAACGAAGTCAGTCACCAGGCCGACTGGGTCATCTGCTGAAATCACTTGCGATCTTACTGTAACAAATACCTTCTACATCCACTGGTACCTACACCAGGAGGGGAAGGCCCCACAGCGTCTTCTGTACTATGACGTCTCCACCGCAAGGGATGTGTTGGAATCAGGACTCAGTCCAGGAAAGTATTATACTCATACACCCAGGAGGTGGAGCTGGATATTGAGACTGCAAAATCTAATTGAAAATGATTCTGGGGTCTATTACTGTGCCACCTGGGACAGG,TCTTCCAACTTGGAAGGGAGAACGAAGTCAGTCACCAGGCCGACTGGGTCATCTGCTGAAATCACTTGCGATCTTACTGTAACAAAT..................ACCTTCTACATCCACTGGTACCTACACCAGGAGGGGAAGGCCCCACAGCGTCTTCTGTACTATGACGTCTCC......ACCGCAAGGGATGTGTTGGAATCAGGACTCAGTCCAGGAAAGTATTATACTCATACACCC...AGGAGGTGGAGCTGGATATTGAGACTGCAAAATCTAATTGAAAATGATTCTGGGGTCTATTACTGTGCCACCTGGGACAGG
TRGV3*01_c23a,V,1,TCTTCCAACTTGGAAGGGAGAAAGAAGTCAGTCACCAGGCAGACTGGGTCATCTGCTGAAATCACTTGCGATCTTACTGTAACAAATACCTTCTACATCCACTGGTACCTACACCAGGAGGGGAAGGCCCCACAGCGTCTTCTGTACTATGACGTCTCCACCGCAAGGGATGTGTTGGAATCAGGACTCAGTCCAGGAAAGTATTATACTCATACACCCAGGAGGTGGAGCTGGATATTGAGACTGCAAAATCTAATTGAAAATGATTCTGGGGTCTATTACTGTGCCACCTGGGACAGG,TCTTCCAACTTGGAAGGGAGAAAGAAGTCAGTCACCAGGCAGACTGGGTCATCTGCTGAAATCACTTGCGATCTTACTGTAACAAAT..................ACCTTCTACATCCACTGGTACCTACACCAGGAGGGGAAGGCCCCACAGCGTCTTCTGTACTATGACGTCTCC......ACCGCAAGGGATGTGTTGGAATCAGGACTCAGTCCAGGAAAGTATTATACTCATACACCC...AGGAGGTGGAGCTGGATATTGAGACTGCAAAATCTAATTGAAAATGATTCTGGGGTCTATTACTGTGCCACCTGGGACAGG
TRGV3*01_g162c,V,1,TCTTCCAACTTGGAAGGGAGAACGAAGTCAGTCACCAGGCAGACTGGGTCATCTGCTGAAATCACTTGCGATCTTACTGTAACAAATACCTTCTACATCCACTGGTACCTACACCAGGAGGGGAAGGCCCCACAGCGTCTTCTCTACTATGACGTCTCCACCGCAAGGGATGTGTTGGAATCAGGACTCAGTCCAGGAAAGTATTATACTCATACACCCAGGAGGTGGAGCTGGATATTGAGACTGCAAAATCTAATTGAAAATGATTCTGGGGTCTATTACTGTGCCACCTGGGACAGG,TCTTCCAACTTGGAAGGGAGAACGAAGTCAGTCACCAGGCAGACTGGGTCATCTGCTGAAATCACTTGCGATCTTACTGTAACAAAT..................ACCTTCTACATCCACTGGTACCTACACCAGGAGGGGAAGGCCCCACAGCGTCTTCTCTACTATGACGTCTCC......ACCGCAAGGGATGTGTTGGAATCAGGACTCAGTCCAGGAAAGTATTATACTCATACACCC...AGGAGGTGGAGCTGGATATTGAGACTGCAAAATCTAATTGAAAATGATTCTGGGGTCTATTACTGTGCCACCTGGGACAGG
TRGV3*01_g187a,V,1,TCTTCCAACTTGGAAGGGAGAACGAAGTCAGTCACCAGGCAGACTGGGTCATCTGCTGAAATCACTTGCGATCTTACTGTAACAAATACCTTCTACATCCACTGGTACCTACACCAGGAGGGGAAGGCCCCACAGCGTCTTCTGTACTATGACGTCTCCACCACAAGGGATGTGTTGGAATCAGGACTCAGTCCAGGAAAGTATTATACTCATACACCCAGGAGGTGGAGCTGGATATTGAGACTGCAAAATCTAATTGAAAATGATTCTGGGGTCTATTACTGTGCCACCTGGGACAGG,TCTTCCAACTTGGAAGGGAGAACGAAGTCAGTCACCAGGCAGACTGGGTCATCTGCTGAAATCACTTGCGATCTTACTGTAACAAAT..................ACCTTCTACATCCACTGGTACCTACACCAGGAGGGGAAGGCCCCACAGCGTCTTCTGTACTATGACGTCTCC......ACCACAAGGGATGTGTTGGAATCAGGACTCAGTCCAGGAAAGTATTATACTCATACACCC...AGGAGGTGGAGCTGGATATTGAGACTGCAAAATCTAATTGAAAATGATTCTGGGGTCTATTACTGTGCCACCTGGGACAGG
TRGV3*01_g187c,V,1,TCTTCCAACTTGGAAGGGAGAACGAAGTCAGTCACCAGGCAGACTGGGTCATCTGCTGAAATCACTTGCGATCTTACTGTAACAAATACCTTCTACATCCACTGGTACCTACACCAGGAGGGGAAGGCCCCACAGCGTCTTCTGTACTATGACGTCTCCACCCCAAGGGATGTGTTGGAATCAGGACTCAGTCCAGGAAAGTATTATACTCATACACCCAGGAGGTGGAGCTGGATATTGAGACTGCAAAATCTAATTGAAAATGATTCTGGGGTCTATTACTGTGCCACCTGGGACAGG,TCTTCCAACTTGGAAGGGAGAACGAAGTCAGTCACCAGGCAGACTGGGTCATCTGCTGAAATCACTTGCGATCTTACTGTAACAAAT..................ACCTTCTACATCCACTGGTACCTACACCAGGAGGGGAAGGCCCCACAGCGTCTTCTGTACTATGACGTCTCC......ACCCCAAGGGATGTGTTGGAATCAGGACTCAGTCCAGGAAAGTATTATACTCATACACCC...AGGAGGTGGAGCTGGATATTGAGACTGCAAAATCTAATTGAAAATGATTCTGGGGTCTATTACTGTGCCACCTGGGACAGG
TRGV3*01_t231c,V,1,TCTTCCAACTTGGAAGGGAGAACGAAGTCAGTCACCAGGCAGACTGGGTCATCTGCTGAAATCACTTGCGATCTTACTGTAACAAATACCTTCTACATCCACTGGTACCTACACCAGGAGGGGAAGGCCCCACAGCGTCTTCTGTACTATGACGTCTCCACCGCAAGGGATGTGTTGGAATCAGGACTCAGTCCAGGAAAGTATTACACTCATACACCCAGGAGGTGGAGCTGGATATTGAGACTGCAAAATCTAATTGAAAATGATTCTGGGGTCTATTACTGTGCCACCTGGGACAGG,TCTTCCAACTTGGAAGGGAGAACGAAGTCAGTCACCAGGCAGACTGGGTCATCTGCTGAAATCACTTGCGATCTTACTGTAACAAAT..................ACCTTCTACATCCACTGGTACCTACACCAGGAGGGGAAGGCCCCACAGCGTCTTCTGTACTATGACGTCTCC......ACCGCAAGGGATGTGTTGGAATCAGGACTCAGTCCAGGAAAGTATTACACTCATACACCC...AGGAGGTGGAGCTGGATATTGAGACTGCAAAATCTAATTGAAAATGATTCTGGGGTCTATTACTGTGCCACCTGGGACAGG
TRGV3*01_t265c,V,1,TCTTCCAACTTGGAAGGGAGAACGAAGTCAGTCACCAGGCAGACTGGGTCATCTGCTGAAATCACTTGCGATCTTACTGTAACAAATACCTTCTACATCCACTGGTACCTACACCAGGAGGGGAAGGCCCCACAGCGTCTTCTGTACTATGACGTCTCCACCGCAAGGGATGTGTTGGAATCAGGACTCAGTCCAGGAAAGTATTATACTCATACACCCAGGAGGTGGAGCTGGATACTGAGACTGCAAAATCTAATTGAAAATGATTCTGGGGTCTATTACTGTGCCACCTGGGACAGG,TCTTCCAACTTGGAAGGGAGAACGAAGTCAGTCACCAGGCAGACTGGGTCATCTGCTGAAATCACTTGCGATCTTACTGTAACAAAT..................ACCTTCTACATCCACTGGTACCTACACCAGGAGGGGAAGGCCCCACAGCGTCTTCTGTACTATGACGTCTCC......ACCGCAAGGGATGTGTTGGAATCAGGACTCAGTCCAGGAAAGTATTATACTCATACACCC...AGGAGGTGGAGCTGGATACTGAGACTGCAAAATCTAATTGAAAATGATTCTGGGGTCTATTACTGTGCCACCTGGGACAGG
TRGV4*01,V,12,TCTTCCAACTTGGAAGGGAGAACGAAGTCAGTCATCAGGCAGACTGGGTCATCTGCTGAAATCACTTGTGATCTTGCTGAAGGAAGTACCGGCTACATCCACTGGTACCTACACCAGGAGGGGAAGGCCCCACAGCGTCTTCTGTACTATGACTCCTACACCTCCAGCGTTGTGTTGGAATCAGGAATCAGCCCAGGGAAGTATGATACTTATGGAAGCACAAGGAAGAACTTGAGAATGATACTGCGAAATCTTATTGAAAATGACTCTGGAGTCTATTACTGTGCCACCTGGGATGGG,TCTTCCAACTTGGAAGGGAGAACGAAGTCAGTCATCAGGCAGACTGGGTCATCTGCTGAAATCACTTGTGATCTTGCTGAAGGAAGT..................ACCGGCTACATCCACTGGTACCTACACCAGGAGGGGAAGGCCCCACAGCGTCTTCTGTACTATGACTCCTAC......ACCTCCAGCGTTGTGTTGGAATCAGGAATCAGCCCAGGGAAGTATGATACTTATGGAAGC...ACAAGGAAGAACTTGAGAATGATACTGCGAAATCTTATTGAAAATGACTCTGGAGTCTATTACTGTGCCACCTGGGATGGG
TRGV4*02,V,26,TCTTCCAACTTGGAAGGGAGAACGAAGTCAGTCATCAGGCAGACTGGGTCATCTGCTGAAATCACTTGTGATCTTGCTGAAGGAAGTACCGGCTACATCCACTGGTACCTACACCAGGAGGGGAAGGCCCCACAGCGTCTTCTGTACTATGACTCCTACACCTCCAGCGTTGTGTTGGAATCAGGAATCAGCCCAGGGAAGTATGATACTTACGGAAGCACAAGGAAGAACTTGAGAATGATACTGCGAAATCTTATTGAAAATGACTCTGGAGTCTATTACTGTGCCACCTGGGATGGG,TCTTCCAACTTGGAAGGGAGAACGAAGTCAGTCATCAGGCAGACTGGGTCATCTGCTGAAATCACTTGTGATCTTGCTGAAGGAAGT..................ACCGGCTACATCCACTGGTACCTACACCAGGAGGGGAAGGCCCCACAGCGTCTTCTGTACTATGACTCCTAC......ACCTCCAGCGTTGTGTTGGAATCAGGAATCAGCCCAGGGAAGTATGATACTTACGGAAGC...ACAAGGAAGAACTTGAGAATGATACTGCGAAATCTTATTGAAAATGACTCTGGAGTCTATTACTGTGCCACCTGGGATGGG
TRGV4*02_g18c,V,6,TCTTCCAACTTGGAAGGCAGAACGAAGTCAGTCATCAGGCAGACTGGGTCATCTGCTGAAATCACTTGTGATCTTGCTGAAGGAAGTACCGGCTACATCCACTGGTACCTACACCAGGAGGGGAAGGCCCCACAGCGTCTTCTGTACTATGACTCCTACACCTCCAGCGTTGTGTTGGAATCAGGAATCAGCCCAGGGAAGTATGATACTTACGGAAGCACAAGGAAGAACTTGAGAATGATACTGCGAAATCTTATTGAAAATGACTCTGGAGTCTATTACTGTGCCACCTGGGATGGG,TCTTCCAACTTGGAAGGCAGAACGAAGTCAGTCATCAGGCAGACTGGGTCATCTGCTGAAATCACTTGTGATCTTGCTGAAGGAAGT..................ACCGGCTACATCCACTGGTACCTACACCAGGAGGGGAAGGCCCCACAGCGTCTTCTGTACTATGACTCCTAC......ACCTCCAGCGTTGTGTTGGAATCAGGAATCAGCCCAGGGAAGTATGATACTTACGGAAGC...ACAAGGAAGAACTTGAGAATGATACTGCGAAATCTTATTGAAAATGACTCTGGAGTCTATTACTGTGCCACCTGGGATGGG
TRGV4*02_g24t_g110a_c133a_c192g_c216t_a253c_a300g_t324c,V,1,TCTTCCAACTTGGAAGGGAGAACTAAGTCAGTCATCAGGCAGACTGGGTCATCTGCTGAAATCACTTGTGATCTTGCTGAAGGAAGTACCGACTACATCCACTGGTACCTACACAAGGAGGGGAAGGCCCCACAGCGTCTTCTGTACTATGACTCCTACACCTCCAGGGTTGTGTTGGAATCAGGAATCAGTCCAGGGAAGTATGATACTTACGGAAGCACAAGGCAGAACTTGAGAATGATACTGCGAAATCTTATTGAAAATGACTCTGGGGTCTATTACTGTGCCACCTGGGACGGG,TCTTCCAACTTGGAAGGGAGAACTAAGTCAGTCATCAGGCAGACTGGGTCATCTGCTGAAATCACTTGTGATCTTGCTGAAGGAAGT..................ACCGACTACATCCACTGGTACCTACACAAGGAGGGGAAGGCCCCACAGCGTCTTCTGTACTATGACTCCTAC......ACCTCCAGGGTTGTGTTGGAATCAGGAATCAGTCCAGGGAAGTATGATACTTACGGAAGC...ACAAGGCAGAACTTGAGAATGATACTGCGAAATCTTATTGAAAATGACTCTGGGGTCTATTACTGTGCCACCTGGGACGGG
TRGV4*02_g24t_g82a_g110a_c192g_c216t_a253c_a300g_t324c,V,8,TCTTCCAACTTGGAAGGGAGAACTAAGTCAGTCATCAGGCAGACTGGGTCATCTGCTGAAATCACTTGTGATCTTGCTGAAAGAAGTACCGACTACATCCACTGGTACCTACACCAGGAGGGGAAGGCCCCACAGCGTCTTCTGTACTATGACTCCTACACCTCCAGGGTTGTGTTGGAATCAGGAATCAGTCCAGGGAAGTATGATACTTACGGAAGCACAAGGCAGAACTTGAGAATGATACTGCGAAATCTTATTGAAAATGACTCTGGGGTCTATTACTGTGCCACCTGGGACGGG,TCTTCCAACTTGGAAGGGAGAACTAAGTCAGTCATCAGGCAGACTGGGTCATCTGCTGAAATCACTTGTGATCTTGCTGAAAGAAGT..................ACCGACTACATCCACTGGTACCTACACCAGGAGGGGAAGGCCCCACAGCGTCTTCTGTACTATGACTCCTAC......ACCTCCAGGGTTGTGTTGGAATCAGGAATCAGTCCAGGGAAGTATGATACTTACGGAAGC...ACAAGGCAGAACTTGAGAATGATACTGCGAAATCTTATTGAAAATGACTCTGGGGTCTATTACTGTGCCACCTGGGACGGG
TRGV5*01,V,40,TCTTCCAACTTGGAAGGGGGAACGAAGTCAGTCACGAGGCCGACTAGGTCATCTGCTGAAATCACTTGTGACCTTACTGTAATAAATGCCTTCTACATCCACTGGTACCTACACCAGGAGGGGAAGGCCCCACAGCGTCTTCTGTACTATGACGTCTCCAACTCAAAGGATGTGTTGGAATCAGGACTCAGTCCAGGAAAGTATTATACTCATACACCCAGGAGGTGGAGCTGGATATTGATACTACGAAATCTAATTGAAAATGATTCTGGGGTCTATTACTGTGCCACCTGGGACAGG,TCTTCCAACTTGGAAGGGGGAACGAAGTCAGTCACGAGGCCGACTAGGTCATCTGCTGAAATCACTTGTGACCTTACTGTAATAAAT..................GCCTTCTACATCCACTGGTACCTACACCAGGAGGGGAAGGCCCCACAGCGTCTTCTGTACTATGACGTCTCC......AACTCAAAGGATGTGTTGGAATCAGGACTCAGTCCAGGAAAGTATTATACTCATACACCC...AGGAGGTGGAGCTGGATATTGATACTACGAAATCTAATTGAAAATGATTCTGGGGTCTATTACTGTGCCACCTGGGACAGG
TRGV5*01_5082,V,1,TCTTCCAACTTGGAAGGGAGAACGAAGTCAGTCACCAGGCAGACTGGGTCATCTGCTGAAATCACTTGCGATCTTACTGTAACAAATACCTTCTACATCCACTGGTACCTACACCAGGAGGGGAAGGCCCCACAGCGTCTTCTGTACTATGACGTCTCCACCGCAAGGGATGTGTTGGAATCAGGACTCAGTCCAGGAAAGTATTATACTCATACACCCAGGAGGTGGAGCTGGATATTGAGACTGCAAAATCTAATTGAAAATGATTCTGGGGTCTATTACTGTGCCACCTGGGACAGG,TCTTCCAACTTGGAAGGGAGAACGAAGTCAGTCACCAGGCAGACTGGGTCATCTGCTGAAATCACTTGCGATCTTACTGTAACAAAT..................ACCTTCTACATCCACTGGTACCTACACCAGGAGGGGAAGGCCCCACAGCGTCTTCTGTACTATGACGTCTCC......ACCGCAAGGGATGTGTTGGAATCAGGACTCAGTCCAGGAAAGTATTATACTCATACACCC...AGGAGGTGGAGCTGGATATTGAGACTGCAAAATCTAATTGAAAATGATTCTGGGGTCTATTACTGTGCCACCTGGGACAGG
TRGV5*01_a129g,V,1,TCTTCCAACTTGGAAGGGGGAACGAAGTCAGTCACGAGGCCGACTAGGTCATCTGCTGAAATCACTTGTGACCTTACTGTAATAAATGCCTTCTACATCCACTGGTACCTGCACCAGGAGGGGAAGGCCCCACAGCGTCTTCTGTACTATGACGTCTCCAACTCAAAGGATGTGTTGGAATCAGGACTCAGTCCAGGAAAGTATTATACTCATACACCCAGGAGGTGGAGCTGGATATTGATACTACGAAATCTAATTGAAAATGATTCTGGGGTCTATTACTGTGCCACCTGGGACAGG,TCTTCCAACTTGGAAGGGGGAACGAAGTCAGTCACGAGGCCGACTAGGTCATCTGCTGAAATCACTTGTGACCTTACTGTAATAAAT..................GCCTTCTACATCCACTGGTACCTGCACCAGGAGGGGAAGGCCCCACAGCGTCTTCTGTACTATGACGTCTCC......AACTCAAAGGATGTGTTGGAATCAGGACTCAGTCCAGGAAAGTATTATACTCATACACCC...AGGAGGTGGAGCTGGATATTGATACTACGAAATCTAATTGAAAATGATTCTGGGGTCTATTACTGTGCCACCTGGGACAGG
TRGV5P*02,V,43,TCTTCCAACTTGGAAGGGAGAATGAAGTCAGTCACCAGGCCGACTGGGTCATCTGCTGAAATCACTTGTGACCTTACTGTAATAAATGCCGTCTACATCCACTGGTACCTACAGCAGGAGGGGAAGACCCCACAGCATCTTCTGCACTATGATGTCTCCAACTCAAGGGATGTGTTGGAATCAGGTCTCAGTCTTGGAAAGTATTATACTCATACACCGAGGAGGTGGAGCTGGAATTTGAGACTGCAAAATCTAATTGAAAATGATTCTGGGGTCTATTACTGTGCCACCTGGGGCAGG,TCTTCCAACTTGGAAGGGAGAATGAAGTCAGTCACCAGGCCGACTGGGTCATCTGCTGAAATCACTTGTGACCTTACTGTAATAAAT..................GCCGTCTACATCCACTGGTACCTACAGCAGGAGGGGAAGACCCCACAGCATCTTCTGCACTATGATGTCTCC......AACTCAAGGGATGTGTTGGAATCAGGTCTCAGTCTTGGAAAGTATTATACTCATACACCG...AGGAGGTGGAGCTGGAATTTGAGACTGCAAAATCTAATTGAAAATGATTCTGGGGTCTATTACTGTGCCACCTGGGGCAGG
TRGV5P*02_a214c,V,1,TCTTCCAACTTGGAAGGGAGAATGAAGTCAGTCACCAGGCCGACTGGGTCATCTGCTGAAATCACTTGTGACCTTACTGTAATAAATGCCGTCTACATCCACTGGTACCTACAGCAGGAGGGGAAGACCCCACAGCATCTTCTGCACTATGATGTCTCCAACTCAAGGGATGTGTTGGAATCAGGTCTCCGTCTTGGAAAGTATTATACTCATACACCGAGGAGGTGGAGCTGGAATTTGAGACTGCAAAATCTAATTGAAAATGATTCTGGGGTCTATTACTGTGCCACCTGGGGCAGG,TCTTCCAACTTGGAAGGGAGAATGAAGTCAGTCACCAGGCCGACTGGGTCATCTGCTGAAATCACTTGTGACCTTACTGTAATAAAT..................GCCGTCTACATCCACTGGTACCTACAGCAGGAGGGGAAGACCCCACAGCATCTTCTGCACTATGATGTCTCC......AACTCAAGGGATGTGTTGGAATCAGGTCTCCGTCTTGGAAAGTATTATACTCATACACCG...AGGAGGTGGAGCTGGAATTTGAGACTGCAAAATCTAATTGAAAATGATTCTGGGGTCTATTACTGTGCCACCTGGGGCAGG
TRGV5P*02_c108t,V,14,TCTTCCAACTTGGAAGGGAGAATGAAGTCAGTCACCAGGCCGACTGGGTCATCTGCTGAAATCACTTGTGACCTTACTGTAATAAATGCTGTCTACATCCACTGGTACCTACAGCAGGAGGGGAAGACCCCACAGCATCTTCTGCACTATGATGTCTCCAACTCAAGGGATGTGTTGGAATCAGGTCTCAGTCTTGGAAAGTATTATACTCATACACCGAGGAGGTGGAGCTGGAATTTGAGACTGCAAAATCTAATTGAAAATGATTCTGGGGTCTATTACTGTGCCACCTGGGGCAGG,TCTTCCAACTTGGAAGGGAGAATGAAGTCAGTCACCAGGCCGACTGGGTCATCTGCTGAAATCACTTGTGACCTTACTGTAATAAAT..................GCTGTCTACATCCACTGGTACCTACAGCAGGAGGGGAAGACCCCACAGCATCTTCTGCACTATGATGTCTCC......AACTCAAGGGATGTGTTGGAATCAGGTCTCAGTCTTGGAAAGTATTATACTCATACACCG...AGGAGGTGGAGCTGGAATTTGAGACTGCAAAATCTAATTGAAAATGATTCTGGGGTCTATTACTGTGCCACCTGGGGCAGG
TRGV5P*02_g132c_a145g_a155g_c163t,V,1,TCTTCCAACTTGGAAGGGAGAATGAAGTCAGTCACCAGGCCGACTGGGTCATCTGCTGAAATCACTTGTGACCTTACTGTAATAAATGCCGTCTACATCCACTGGTACCTACACCAGGAGGGGAAGGCCCCACAGCGTCTTCTGTACTATGATGTCTCCAACTCAAGGGATGTGTTGGAATCAGGTCTCAGTCTTGGAAAGTATTATACTCATACACCGAGGAGGTGGAGCTGGAATTTGAGACTGCAAAATCTAATTGAAAATGATTCTGGGGTCTATTACTGTGCCACCTGGGGCAGG,TCTTCCAACTTGGAAGGGAGAATGAAGTCAGTCACCAGGCCGACTGGGTCATCTGCTGAAATCACTTGTGACCTTACTGTAATAAAT..................GCCGTCTACATCCACTGGTACCTACACCAGGAGGGGAAGGCCCCACAGCGTCTTCTGTACTATGATGTCTCC......AACTCAAGGGATGTGTTGGAATCAGGTCTCAGTCTTGGAAAGTATTATACTCATACACCG...AGGAGGTGGAGCTGGAATTTGAGACTGCAAAATCTAATTGAAAATGATTCTGGGGTCTATTACTGTGCCACCTGGGGCAGG
TRGV8*01,V,39,TCTTCCAACTTGGAAGGGAGAACAAAGTCAGTCACCAGGCCAACTGGGTCATCAGCTGTAATCACTTGTGATCTTCCTGTAGAAAATGCCGTCTACACCCACTGGTACCTACACCAGGAGGGGAAGGCCCCACAGCGTCTTCTGTACTATGACTCCTACAACTCCAGGGTTGTGTTGGAATCAGGAATCAGTCGAGAAAAGTATCATACTTATGCAAGCACAGGGAAGAGCCTTAAATTTATACTGGAAAATCTAATTGAACGTGACTCTGGGGTCTATTACTGTGCCACCTGGGATAGG,TCTTCCAACTTGGAAGGGAGAACAAAGTCAGTCACCAGGCCAACTGGGTCATCAGCTGTAATCACTTGTGATCTTCCTGTAGAAAAT..................GCCGTCTACACCCACTGGTACCTACACCAGGAGGGGAAGGCCCCACAGCGTCTTCTGTACTATGACTCCTAC......AACTCCAGGGTTGTGTTGGAATCAGGAATCAGTCGAGAAAAGTATCATACTTATGCAAGC...ACAGGGAAGAGCCTTAAATTTATACTGGAAAATCTAATTGAACGTGACTCTGGGGTCTATTACTGTGCCACCTGGGATAGG
TRGV8*01_c133g,V,1,TCTTCCAACTTGGAAGGGAGAACAAAGTCAGTCACCAGGCCAACTGGGTCATCAGCTGTAATCACTTGTGATCTTCCTGTAGAAAATGCCGTCTACACCCACTGGTACCTACACGAGGAGGGGAAGGCCCCACAGCGTCTTCTGTACTATGACTCCTACAACTCCAGGGTTGTGTTGGAATCAGGAATCAGTCGAGAAAAGTATCATACTTATGCAAGCACAGGGAAGAGCCTTAAATTTATACTGGAAAATCTAATTGAACGTGACTCTGGGGTCTATTACTGTGCCACCTGGGATAGG,TCTTCCAACTTGGAAGGGAGAACAAAGTCAGTCACCAGGCCAACTGGGTCATCAGCTGTAATCACTTGTGATCTTCCTGTAGAAAAT..................GCCGTCTACACCCACTGGTACCTACACGAGGAGGGGAAGGCCCCACAGCGTCTTCTGTACTATGACTCCTAC......AACTCCAGGGTTGTGTTGGAATCAGGAATCAGTCGAGAAAAGTATCATACTTATGCAAGC...ACAGGGAAGAGCCTTAAATTTATACTGGAAAATCTAATTGAACGTGACTCTGGGGTCTATTACTGTGCCACCTGGGATAGG
TRGV9*01,V,36,GCAGGTCACCTAGAGCAACCTCAAATTTCCAGTACTAAAACGCTGTCAAAAACAGCCCGCCTGGAATGTGTGGTGTCTGGAATAACAATTTCTGCAACATCTGTATATTGGTATCGAGAGAGACCTGGTGAAGTCATACAGTTCCTGGTGTCCATTTCATATGACGGCACTGTCAGAAAGGAATCCGGCATTCCGTCAGGCAAATTTGAGGTGGATAGGATACCTGAAACGTCTACATCCACTCTCACCATTCACAATGTAGAGAAACAGGACATAGCTACCTACTACTGTGCCTTGTGGGAGGTG,GCAGGTCACCTAGAGCAACCTCAAATTTCCAGTACTAAAACGCTGTCAAAAACAGCCCGCCTGGAATGTGTGGTGTCTGGAATAACAATT............TCTGCAACATCTGTATATTGGTATCGAGAGAGACCTGGTGAAGTCATACAGTTCCTGGTGTCCATTTCATATGAC.........GGCACTGTCAGAAAGGAATCCGGCATTCCGTCAGGCAAATTTGAGGTGGATAGGATACCTGAAACGTCTACATCCACTCTCACCATTCACAATGTAGAGAAACAGGACATAGCTACCTACTACTGTGCCTTGTGGGAGGTG
TRGV9*01_c86a,V,2,GCAGGTCACCTAGAGCAACCTCAAATTTCCAGTACTAAAACGCTGTCAAAAACAGCCCGCCTGGAATGTGTGGTGTCTGGAATAAAAATTTCTGCAACATCTGTATATTGGTATCGAGAGAGACCTGGTGAAGTCATACAGTTCCTGGTGTCCATTTCATATGACGGCACTGTCAGAAAGGAATCCGGCATTCCGTCAGGCAAATTTGAGGTGGATAGGATACCTGAAACGTCTACATCCACTCTCACCATTCACAATGTAGAGAAACAGGACATAGCTACCTACTACTGTGCCTTGTGGGAGGTG,GCAGGTCACCTAGAGCAACCTCAAATTTCCAGTACTAAAACGCTGTCAAAAACAGCCCGCCTGGAATGTGTGGTGTCTGGAATAAAAATT............TCTGCAACATCTGTATATTGGTATCGAGAGAGACCTGGTGAAGTCATACAGTTCCTGGTGTCCATTTCATATGAC.........GGCACTGTCAGAAAGGAATCCGGCATTCCGTCAGGCAAATTTGAGGTGGATAGGATACCTGAAACGTCTACATCCACTCTCACCATTCACAATGTAGAGAAACAGGACATAGCTACCTACTACTGTGCCTTGTGGGAGGTG
TRGV9*01_g75a,V,8,GCAGGTCACCTAGAGCAACCTCAAATTTCCAGTACTAAAACGCTGTCAAAAACAGCCCGCCTGGAATGTGTGGTATCTGGAATAACAATTTCTGCAACATCTGTATATTGGTATCGAGAGAGACCTGGTGAAGTCATACAGTTCCTGGTGTCCATTTCATATGACGGCACTGTCAGAAAGGAATCCGGCATTCCGTCAGGCAAATTTGAGGTGGATAGGATACCTGAAACGTCTACATCCACTCTCACCATTCACAATGTAGAGAAACAGGACATAGCTACCTACTACTGTGCCTTGTGGGAGGTG,GCAGGTCACCTAGAGCAACCTCAAATTTCCAGTACTAAAACGCTGTCAAAAACAGCCCGCCTGGAATGTGTGGTATCTGGAATAACAATT............TCTGCAACATCTGTATATTGGTATCGAGAGAGACCTGGTGAAGTCATACAGTTCCTGGTGTCCATTTCATATGAC.........GGCACTGTCAGAAAGGAATCCGGCATTCCGTCAGGCAAATTTGAGGTGGATAGGATACCTGAAACGTCTACATCCACTCTCACCATTCACAATGTAGAGAAACAGGACATAGCTACCTACTACTGTGCCTTGTGGGAGGTG
